location_key,date,mobility_retail_and_recreation,mobility_grocery_and_pharmacy,mobility_parks,mobility_transit_stations,mobility_workplaces,mobility_residential,school_closing,workplace_closing,cancel_public_events,restrictions_on_gatherings,public_transport_closing,stay_at_home_requirements,restrictions_on_internal_movement,international_travel_controls,income_support,debt_relief,fiscal_measures,international_support,public_information_campaigns,testing_policy,contact_tracing,emergency_investment_in_healthcare,investment_in_vaccines,facial_coverings,vaccination_policy,stringency_index,life_expectancy,smoking_prevalence,diabetes_prevalence,infant_mortality_rate,adult_male_mortality_rate,adult_female_mortality_rate,pollution_mortality_rate,comorbidity_mortality_rate,hospital_beds_per_1000,nurses_per_1000,physicians_per_1000,health_expenditure_usd,out_of_pocket_health_expenditure_usd,new_confirmed,new_deceased,new_recovered,new_tested,cumulative_confirmed,cumulative_deceased,cumulative_recovered,cumulative_tested,average_temperature_celsius,minimum_temperature_celsius,maximum_temperature_celsius,rainfall_mm,snowfall_mm,dew_point,relative_humidity,openstreetmap_id,latitude,longitude,elevation_m,area_sq_km,area_rural_sq_km,area_urban_sq_km,new_confirmed_age_0,new_confirmed_age_1,new_confirmed_age_2,new_confirmed_age_3,new_confirmed_age_4,new_confirmed_age_5,new_confirmed_age_6,new_confirmed_age_7,new_confirmed_age_8,new_confirmed_age_9,cumulative_confirmed_age_0,cumulative_confirmed_age_1,cumulative_confirmed_age_2,cumulative_confirmed_age_3,cumulative_confirmed_age_4,cumulative_confirmed_age_5,cumulative_confirmed_age_6,cumulative_confirmed_age_7,cumulative_confirmed_age_8,cumulative_confirmed_age_9,new_deceased_age_0,new_deceased_age_1,new_deceased_age_2,new_deceased_age_3,new_deceased_age_4,new_deceased_age_5,new_deceased_age_6,new_deceased_age_7,new_deceased_age_8,new_deceased_age_9,cumulative_deceased_age_0,cumulative_deceased_age_1,cumulative_deceased_age_2,cumulative_deceased_age_3,cumulative_deceased_age_4,cumulative_deceased_age_5,cumulative_deceased_age_6,cumulative_deceased_age_7,cumulative_deceased_age_8,cumulative_deceased_age_9,new_recovered_age_0,new_recovered_age_1,new_recovered_age_2,new_recovered_age_3,new_recovered_age_4,new_recovered_age_5,new_recovered_age_6,new_recovered_age_7,new_recovered_age_8,new_recovered_age_9,cumulative_recovered_age_0,cumulative_recovered_age_1,cumulative_recovered_age_2,cumulative_recovered_age_3,cumulative_recovered_age_4,cumulative_recovered_age_5,cumulative_recovered_age_6,cumulative_recovered_age_7,cumulative_recovered_age_8,cumulative_recovered_age_9,new_tested_age_0,new_tested_age_1,new_tested_age_2,new_tested_age_3,new_tested_age_4,new_tested_age_5,new_tested_age_6,new_tested_age_7,new_tested_age_8,new_tested_age_9,cumulative_tested_age_0,cumulative_tested_age_1,cumulative_tested_age_2,cumulative_tested_age_3,cumulative_tested_age_4,cumulative_tested_age_5,cumulative_tested_age_6,cumulative_tested_age_7,cumulative_tested_age_8,cumulative_tested_age_9,new_hospitalized_patients_age_0,new_hospitalized_patients_age_1,new_hospitalized_patients_age_2,new_hospitalized_patients_age_3,new_hospitalized_patients_age_4,new_hospitalized_patients_age_5,new_hospitalized_patients_age_6,new_hospitalized_patients_age_7,new_hospitalized_patients_age_8,new_hospitalized_patients_age_9,cumulative_hospitalized_patients_age_0,cumulative_hospitalized_patients_age_1,cumulative_hospitalized_patients_age_2,cumulative_hospitalized_patients_age_3,cumulative_hospitalized_patients_age_4,cumulative_hospitalized_patients_age_5,cumulative_hospitalized_patients_age_6,cumulative_hospitalized_patients_age_7,cumulative_hospitalized_patients_age_8,cumulative_hospitalized_patients_age_9,new_intensive_care_patients_age_0,new_intensive_care_patients_age_1,new_intensive_care_patients_age_2,new_intensive_care_patients_age_3,new_intensive_care_patients_age_4,new_intensive_care_patients_age_5,new_intensive_care_patients_age_6,new_intensive_care_patients_age_7,new_intensive_care_patients_age_8,new_intensive_care_patients_age_9,cumulative_intensive_care_patients_age_0,cumulative_intensive_care_patients_age_1,cumulative_intensive_care_patients_age_2,cumulative_intensive_care_patients_age_3,cumulative_intensive_care_patients_age_4,cumulative_intensive_care_patients_age_5,cumulative_intensive_care_patients_age_6,cumulative_intensive_care_patients_age_7,cumulative_intensive_care_patients_age_8,cumulative_intensive_care_patients_age_9,new_ventilator_patients_age_0,new_ventilator_patients_age_1,new_ventilator_patients_age_2,new_ventilator_patients_age_3,new_ventilator_patients_age_4,new_ventilator_patients_age_5,new_ventilator_patients_age_6,new_ventilator_patients_age_7,new_ventilator_patients_age_8,new_ventilator_patients_age_9,cumulative_ventilator_patients_age_0,cumulative_ventilator_patients_age_1,cumulative_ventilator_patients_age_2,cumulative_ventilator_patients_age_3,cumulative_ventilator_patients_age_4,cumulative_ventilator_patients_age_5,cumulative_ventilator_patients_age_6,cumulative_ventilator_patients_age_7,cumulative_ventilator_patients_age_8,cumulative_ventilator_patients_age_9,age_bin_0,age_bin_1,age_bin_2,age_bin_3,age_bin_4,age_bin_5,age_bin_6,age_bin_7,age_bin_8,age_bin_9,new_hospitalized_patients,cumulative_hospitalized_patients,current_hospitalized_patients,new_intensive_care_patients,cumulative_intensive_care_patients,current_intensive_care_patients,new_ventilator_patients,cumulative_ventilator_patients,current_ventilator_patients,new_persons_vaccinated,cumulative_persons_vaccinated,new_persons_fully_vaccinated,cumulative_persons_fully_vaccinated,new_vaccine_doses_administered,cumulative_vaccine_doses_administered,new_persons_vaccinated_pfizer,cumulative_persons_vaccinated_pfizer,new_persons_fully_vaccinated_pfizer,cumulative_persons_fully_vaccinated_pfizer,new_vaccine_doses_administered_pfizer,cumulative_vaccine_doses_administered_pfizer,new_persons_vaccinated_moderna,cumulative_persons_vaccinated_moderna,new_persons_fully_vaccinated_moderna,cumulative_persons_fully_vaccinated_moderna,new_vaccine_doses_administered_moderna,cumulative_vaccine_doses_administered_moderna,new_persons_vaccinated_janssen,cumulative_persons_vaccinated_janssen,new_persons_fully_vaccinated_janssen,cumulative_persons_fully_vaccinated_janssen,new_vaccine_doses_administered_janssen,cumulative_vaccine_doses_administered_janssen,new_persons_vaccinated_sinovac,total_persons_vaccinated_sinovac,new_persons_fully_vaccinated_sinovac,total_persons_fully_vaccinated_sinovac,new_vaccine_doses_administered_sinovac,total_vaccine_doses_administered_sinovac,place_id,wikidata_id,datacommons_id,country_code,country_name,subregion1_code,subregion1_name,subregion2_code,subregion2_name,locality_code,locality_name,iso_3166_1_alpha_2,iso_3166_1_alpha_3,aggregation_level,gdp_usd,gdp_per_capita_usd,human_capital_index,population,population_male,population_female,population_rural,population_urban,population_largest_city,population_clustered,population_density,human_development_index,population_age_00_09,population_age_10_19,population_age_20_29,population_age_30_39,population_age_40_49,population_age_50_59,population_age_60_69,population_age_70_79,population_age_80_and_older,new_confirmed_male,new_confirmed_female,cumulative_confirmed_male,cumulative_confirmed_female,new_deceased_male,new_deceased_female,cumulative_deceased_male,cumulative_deceased_female,new_recovered_male,new_recovered_female,cumulative_recovered_male,cumulative_recovered_female,new_tested_male,new_tested_female,cumulative_tested_male,cumulative_tested_female,new_hospitalized_patients_male,new_hospitalized_patients_female,cumulative_hospitalized_patients_male,cumulative_hospitalized_patients_female,new_intensive_care_patients_male,new_intensive_care_patients_female,cumulative_intensive_care_patients_male,cumulative_intensive_care_patients_female,new_ventilator_patients_male,new_ventilator_patients_female,cumulative_ventilator_patients_male,cumulative_ventilator_patients_female,search_trends_abdominal_obesity,search_trends_abdominal_pain,search_trends_acne,search_trends_actinic_keratosis,search_trends_acute_bronchitis,search_trends_adrenal_crisis,search_trends_ageusia,search_trends_alcoholism,search_trends_allergic_conjunctivitis,search_trends_allergy,search_trends_amblyopia,search_trends_amenorrhea,search_trends_amnesia,search_trends_anal_fissure,search_trends_anaphylaxis,search_trends_anemia,search_trends_angina_pectoris,search_trends_angioedema,search_trends_angular_cheilitis,search_trends_anosmia,search_trends_anxiety,search_trends_aphasia,search_trends_aphonia,search_trends_apnea,search_trends_arthralgia,search_trends_arthritis,search_trends_ascites,search_trends_asperger_syndrome,search_trends_asphyxia,search_trends_asthma,search_trends_astigmatism,search_trends_ataxia,search_trends_atheroma,search_trends_attention_deficit_hyperactivity_disorder,search_trends_auditory_hallucination,search_trends_autoimmune_disease,search_trends_avoidant_personality_disorder,search_trends_back_pain,search_trends_bacterial_vaginosis,search_trends_balance_disorder,search_trends_beaus_lines,search_trends_bells_palsy,search_trends_biliary_colic,search_trends_binge_eating,search_trends_bleeding,search_trends_bleeding_on_probing,search_trends_blepharospasm,search_trends_bloating,search_trends_blood_in_stool,search_trends_blurred_vision,search_trends_blushing,search_trends_boil,search_trends_bone_fracture,search_trends_bone_tumor,search_trends_bowel_obstruction,search_trends_bradycardia,search_trends_braxton_hicks_contractions,search_trends_breakthrough_bleeding,search_trends_breast_pain,search_trends_bronchitis,search_trends_bruise,search_trends_bruxism,search_trends_bunion,search_trends_burn,search_trends_burning_chest_pain,search_trends_burning_mouth_syndrome,search_trends_candidiasis,search_trends_canker_sore,search_trends_cardiac_arrest,search_trends_carpal_tunnel_syndrome,search_trends_cataplexy,search_trends_cataract,search_trends_chancre,search_trends_cheilitis,search_trends_chest_pain,search_trends_chills,search_trends_chorea,search_trends_chronic_pain,search_trends_cirrhosis,search_trends_cleft_lip_and_cleft_palate,search_trends_clouding_of_consciousness,search_trends_cluster_headache,search_trends_colitis,search_trends_coma,search_trends_common_cold,search_trends_compulsive_behavior,search_trends_compulsive_hoarding,search_trends_confusion,search_trends_congenital_heart_defect,search_trends_conjunctivitis,search_trends_constipation,search_trends_convulsion,search_trends_cough,search_trends_crackles,search_trends_cramp,search_trends_crepitus,search_trends_croup,search_trends_cyanosis,search_trends_dandruff,search_trends_delayed_onset_muscle_soreness,search_trends_dementia,search_trends_dentin_hypersensitivity,search_trends_depersonalization,search_trends_depression,search_trends_dermatitis,search_trends_desquamation,search_trends_developmental_disability,search_trends_diabetes,search_trends_diabetic_ketoacidosis,search_trends_diarrhea,search_trends_dizziness,search_trends_dry_eye_syndrome,search_trends_dysautonomia,search_trends_dysgeusia,search_trends_dysmenorrhea,search_trends_dyspareunia,search_trends_dysphagia,search_trends_dysphoria,search_trends_dystonia,search_trends_dysuria,search_trends_ear_pain,search_trends_eczema,search_trends_edema,search_trends_encephalitis,search_trends_encephalopathy,search_trends_epidermoid_cyst,search_trends_epilepsy,search_trends_epiphora,search_trends_erectile_dysfunction,search_trends_erythema,search_trends_erythema_chronicum_migrans,search_trends_esophagitis,search_trends_excessive_daytime_sleepiness,search_trends_eye_pain,search_trends_eye_strain,search_trends_facial_nerve_paralysis,search_trends_facial_swelling,search_trends_fasciculation,search_trends_fatigue,search_trends_fatty_liver_disease,search_trends_fecal_incontinence,search_trends_fever,search_trends_fibrillation,search_trends_fibrocystic_breast_changes,search_trends_fibromyalgia,search_trends_flatulence,search_trends_floater,search_trends_focal_seizure,search_trends_folate_deficiency,search_trends_food_craving,search_trends_food_intolerance,search_trends_frequent_urination,search_trends_gastroesophageal_reflux_disease,search_trends_gastroparesis,search_trends_generalized_anxiety_disorder,search_trends_generalized_tonic–clonic_seizure,search_trends_genital_wart,search_trends_gingival_recession,search_trends_gingivitis,search_trends_globus_pharyngis,search_trends_goitre,search_trends_gout,search_trends_grandiosity,search_trends_granuloma,search_trends_guilt,search_trends_hair_loss,search_trends_halitosis,search_trends_hay_fever,search_trends_headache,search_trends_heart_arrhythmia,search_trends_heart_murmur,search_trends_heartburn,search_trends_hematochezia,search_trends_hematoma,search_trends_hematuria,search_trends_hemolysis,search_trends_hemoptysis,search_trends_hemorrhoids,search_trends_hepatic_encephalopathy,search_trends_hepatitis,search_trends_hepatotoxicity,search_trends_hiccup,search_trends_hip_pain,search_trends_hives,search_trends_hot_flash,search_trends_hydrocephalus,search_trends_hypercalcaemia,search_trends_hypercapnia,search_trends_hypercholesterolemia,search_trends_hyperemesis_gravidarum,search_trends_hyperglycemia,search_trends_hyperhidrosis,search_trends_hyperkalemia,search_trends_hyperlipidemia,search_trends_hypermobility,search_trends_hyperpigmentation,search_trends_hypersomnia,search_trends_hypertension,search_trends_hyperthermia,search_trends_hyperthyroidism,search_trends_hypertriglyceridemia,search_trends_hypertrophy,search_trends_hyperventilation,search_trends_hypocalcaemia,search_trends_hypochondriasis,search_trends_hypoglycemia,search_trends_hypogonadism,search_trends_hypokalemia,search_trends_hypomania,search_trends_hyponatremia,search_trends_hypotension,search_trends_hypothyroidism,search_trends_hypoxemia,search_trends_hypoxia,search_trends_impetigo,search_trends_implantation_bleeding,search_trends_impulsivity,search_trends_indigestion,search_trends_infection,search_trends_inflammation,search_trends_inflammatory_bowel_disease,search_trends_ingrown_hair,search_trends_insomnia,search_trends_insulin_resistance,search_trends_intermenstrual_bleeding,search_trends_intracranial_pressure,search_trends_iron_deficiency,search_trends_irregular_menstruation,search_trends_itch,search_trends_jaundice,search_trends_kidney_failure,search_trends_kidney_stone,search_trends_knee_pain,search_trends_kyphosis,search_trends_lactose_intolerance,search_trends_laryngitis,search_trends_leg_cramps,search_trends_lesion,search_trends_leukorrhea,search_trends_lightheadedness,search_trends_low_back_pain,search_trends_low_grade_fever,search_trends_lymphedema,search_trends_major_depressive_disorder,search_trends_malabsorption,search_trends_male_infertility,search_trends_manic_disorder,search_trends_melasma,search_trends_melena,search_trends_meningitis,search_trends_menorrhagia,search_trends_middle_back_pain,search_trends_migraine,search_trends_milium,search_trends_mitral_insufficiency,search_trends_mood_disorder,search_trends_mood_swing,search_trends_morning_sickness,search_trends_motion_sickness,search_trends_mouth_ulcer,search_trends_muscle_atrophy,search_trends_muscle_weakness,search_trends_myalgia,search_trends_mydriasis,search_trends_myocardial_infarction,search_trends_myoclonus,search_trends_nasal_congestion,search_trends_nasal_polyp,search_trends_nausea,search_trends_neck_mass,search_trends_neck_pain,search_trends_neonatal_jaundice,search_trends_nerve_injury,search_trends_neuralgia,search_trends_neutropenia,search_trends_night_sweats,search_trends_night_terror,search_trends_nocturnal_enuresis,search_trends_nodule,search_trends_nosebleed,search_trends_nystagmus,search_trends_obesity,search_trends_onychorrhexis,search_trends_oral_candidiasis,search_trends_orthostatic_hypotension,search_trends_osteopenia,search_trends_osteophyte,search_trends_osteoporosis,search_trends_otitis,search_trends_otitis_externa,search_trends_otitis_media,search_trends_pain,search_trends_palpitations,search_trends_pancreatitis,search_trends_panic_attack,search_trends_papule,search_trends_paranoia,search_trends_paresthesia,search_trends_pelvic_inflammatory_disease,search_trends_pericarditis,search_trends_periodontal_disease,search_trends_periorbital_puffiness,search_trends_peripheral_neuropathy,search_trends_perspiration,search_trends_petechia,search_trends_phlegm,search_trends_photodermatitis,search_trends_photophobia,search_trends_photopsia,search_trends_pleural_effusion,search_trends_pleurisy,search_trends_pneumonia,search_trends_podalgia,search_trends_polycythemia,search_trends_polydipsia,search_trends_polyneuropathy,search_trends_polyuria,search_trends_poor_posture,search_trends_post_nasal_drip,search_trends_postural_orthostatic_tachycardia_syndrome,search_trends_prediabetes,search_trends_proteinuria,search_trends_pruritus_ani,search_trends_psychosis,search_trends_ptosis,search_trends_pulmonary_edema,search_trends_pulmonary_hypertension,search_trends_purpura,search_trends_pus,search_trends_pyelonephritis,search_trends_radiculopathy,search_trends_rectal_pain,search_trends_rectal_prolapse,search_trends_red_eye,search_trends_renal_colic,search_trends_restless_legs_syndrome,search_trends_rheum,search_trends_rhinitis,search_trends_rhinorrhea,search_trends_rosacea,search_trends_round_ligament_pain,search_trends_rumination,search_trends_scar,search_trends_sciatica,search_trends_scoliosis,search_trends_seborrheic_dermatitis,search_trends_self_harm,search_trends_sensitivity_to_sound,search_trends_sexual_dysfunction,search_trends_shallow_breathing,search_trends_sharp_pain,search_trends_shivering,search_trends_shortness_of_breath,search_trends_shyness,search_trends_sinusitis,search_trends_skin_condition,search_trends_skin_rash,search_trends_skin_tag,search_trends_skin_ulcer,search_trends_sleep_apnea,search_trends_sleep_deprivation,search_trends_sleep_disorder,search_trends_snoring,search_trends_sore_throat,search_trends_spasticity,search_trends_splenomegaly,search_trends_sputum,search_trends_stomach_rumble,search_trends_strabismus,search_trends_stretch_marks,search_trends_stridor,search_trends_stroke,search_trends_stuttering,search_trends_subdural_hematoma,search_trends_suicidal_ideation,search_trends_swelling,search_trends_swollen_feet,search_trends_swollen_lymph_nodes,search_trends_syncope,search_trends_tachycardia,search_trends_tachypnea,search_trends_telangiectasia,search_trends_tenderness,search_trends_testicular_pain,search_trends_throat_irritation,search_trends_thrombocytopenia,search_trends_thyroid_nodule,search_trends_tic,search_trends_tinnitus,search_trends_tonsillitis,search_trends_toothache,search_trends_tremor,search_trends_trichoptilosis,search_trends_tumor,search_trends_type_2_diabetes,search_trends_unconsciousness,search_trends_underweight,search_trends_upper_respiratory_tract_infection,search_trends_urethritis,search_trends_urinary_incontinence,search_trends_urinary_tract_infection,search_trends_urinary_urgency,search_trends_uterine_contraction,search_trends_vaginal_bleeding,search_trends_vaginal_discharge,search_trends_vaginitis,search_trends_varicose_veins,search_trends_vasculitis,search_trends_ventricular_fibrillation,search_trends_ventricular_tachycardia,search_trends_vertigo,search_trends_viral_pneumonia,search_trends_visual_acuity,search_trends_vomiting,search_trends_wart,search_trends_water_retention,search_trends_weakness,search_trends_weight_gain,search_trends_wheeze,search_trends_xeroderma,search_trends_xerostomia,search_trends_yawn
AE,2022-09-13,29,64,8,14,-46,18,1,1,2,0,0,0,0,2,0,0,0,0,2,3,2,0,0,3,5,35.19,77.814,28.9,16.3,6.5,69.555,44.863,54.7,16.8,,5.7271,2.5278,1357.017456,256.034485,402,0,,325016,1021191,2342,,168522672,34.641975,28.672222,41.877778,0.0,,22.388889,55.080389,307763,24.4,54.3,,83600,70575,8568,,,,,,,,,,,,,,,,,,,,,,,,,,,,,,,,,,,,,,,,,,,,,,,,,,,,,,,,,,,,,,,,,,,,,,,,,,,,,,,,,,,,,,,,,,,,,,,,,,,,,,,,,,,,,,,,,,,,,,,,,,,,,,,,,,,,,,,,,,,,,,,,,,,,,,,,,,,,,,,,0,9991089,0,9792266,12727,24922054,,,,,,,,,,,,,,,,,,,,,,,,,ChIJvRKrsd9IXj4RpwoIwFYv0zM,Q878,country/ARE,AE,United Arab Emirates,,,,,,,AE,ARE,0,421142267937,43103,0.659,9890400,6836349,3054051,1290785,8479744,2833079,5914068,118.306,0.863,1011713,842991,2149343,3169314,1608109,797913,242707,55884,12426,,,,,,,,,,,,,,,,,,,,,,,,,,,,,,,,,,,,,,,,,,,,,,,,,,,,,,,,,,,,,,,,,,,,,,,,,,,,,,,,,,,,,,,,,,,,,,,,,,,,,,,,,,,,,,,,,,,,,,,,,,,,,,,,,,,,,,,,,,,,,,,,,,,,,,,,,,,,,,,,,,,,,,,,,,,,,,,,,,,,,,,,,,,,,,,,,,,,,,,,,,,,,,,,,,,,,,,,,,,,,,,,,,,,,,,,,,,,,,,,,,,,,,,,,,,,,,,,,,,,,,,,,,,,,,,,,,,,,,,,,,,,,,,,,,,,,,,,,,,,,,,,,,,,,,,,,,,,,,,,,,,,,,,,,,,,,,,,,,,,,,,,,,,,,,,,,,,,,,,,,,,,,,,,,,,,,,,,,,,,,,,,,,,,,,,,,,,,,,,,,,,,,,,,,,,,,,,,,,,,,,,,,,,,,,,,,,,,,,,,,,,,,,,,,,
AF,2022-09-13,115,212,130,6,45,8,0,2,1,0,1,0,0,0,0,0,0,0,0,0,0,0,0,3,4,11.11,64.486,,9.2,47.9,237.554,192.532,211.1,29.8,0.5,0.1755,0.2782,67.12265,50.665913,259,0,,,196663,7791,,994894,-7.083333,-15.388889,1.0,0.0,10.16,-16.694444,49.021712,303427,33.0,66.0,,652860,,,,,,,,,,,,,,,,,,,,,,,,,,,,,,,,,,,,,,,,,,,,,,,,,,,,,,,,,,,,,,,,,,,,,,,,,,,,,,,,,,,,,,,,,,,,,,,,,,,,,,,,,,,,,,,,,,,,,,,,,,,,,,,,,,,,,,,,,,,,,,,,,,,,,,,,,,,,,,,,,,3885,10827184,9432,10105500,9447,11734635,,,,,,,,,,,,,,,,,,,,,,,,,ChIJbQL_-LZu0TgReNqWvg1GtfM,Q889,country/AFG,AF,Afghanistan,,,,,,,AF,AFG,0,19101353832,502,0.389,38928341,19976265,18952076,28244481,9797273,4114030,4114030,59.627,0.498,11088732,9821559,7035871,4534646,2963459,1840198,1057496,480455,105925,,,,,,,,,,,,,,,,,,,,,,,,,,,,,,,,,,,,,,,,,,,,,,,,,,,,,,,,,,,,,,,,,,,,,,,,,,,,,,,,,,,,,,,,,,,,,,,,,,,,,,,,,,,,,,,,,,,,,,,,,,,,,,,,,,,,,,,,,,,,,,,,,,,,,,,,,,,,,,,,,,,,,,,,,,,,,,,,,,,,,,,,,,,,,,,,,,,,,,,,,,,,,,,,,,,,,,,,,,,,,,,,,,,,,,,,,,,,,,,,,,,,,,,,,,,,,,,,,,,,,,,,,,,,,,,,,,,,,,,,,,,,,,,,,,,,,,,,,,,,,,,,,,,,,,,,,,,,,,,,,,,,,,,,,,,,,,,,,,,,,,,,,,,,,,,,,,,,,,,,,,,,,,,,,,,,,,,,,,,,,,,,,,,,,,,,,,,,,,,,,,,,,,,,,,,,,,,,,,,,,,,,,,,,,,,,,,,,,,,,,,,,,,,,,,
AG,2022-09-14,39,41,104,-7,-16,5,,,,,,,,,,,,,,,,,,,,,76.885,,13.1,5.0,126.917,83.136,29.9,22.6,,4.5171,2.956,673.85968,235.749039,34,0,,,9008,145,,16700,28.388889,28.0,29.0,0.0,,23.888889,76.63987,536900,17.116667,-61.85,,440,167,266,,,,,,,,,,,,,,,,,,,,,,,,,,,,,,,,,,,,,,,,,,,,,,,,,,,,,,,,,,,,,,,,,,,,,,,,,,,,,,,,,,,,,,,,,,,,,,,,,,,,,,,,,,,,,,,,,,,,,,,,,,,,,,,,,,,,,,,,,,,,,,,,,,,,,,,,,,,,,,,,0,64091,0,62031,2145,128267,,,,,,,,,,,,,,,,,,,,,,,,,ChIJwdG4bbluDYwRlHmL4Yg3aic,Q781,country/ATG,AG,Antigua and Barbuda,,,,,,,AG,ATG,0,1727759259,17790,,97928,47269,50659,73318,23800,,,222.564,0.78,14583,13867,14894,14094,13860,12832,8043,4101,1654,,,,,,,,,,,,,,,,,,,,,,,,,,,,,,,,,,,,,,,,,,,,,,,,,,,,,,,,,,,,,,,,,,,,,,,,,,,,,,,,,,,,,,,,,,,,,,,,,,,,,,,,,,,,,,,,,,,,,,,,,,,,,,,,,,,,,,,,,,,,,,,,,,,,,,,,,,,,,,,,,,,,,,,,,,,,,,,,,,,,,,,,,,,,,,,,,,,,,,,,,,,,,,,,,,,,,,,,,,,,,,,,,,,,,,,,,,,,,,,,,,,,,,,,,,,,,,,,,,,,,,,,,,,,,,,,,,,,,,,,,,,,,,,,,,,,,,,,,,,,,,,,,,,,,,,,,,,,,,,,,,,,,,,,,,,,,,,,,,,,,,,,,,,,,,,,,,,,,,,,,,,,,,,,,,,,,,,,,,,,,,,,,,,,,,,,,,,,,,,,,,,,,,,,,,,,,,,,,,,,,,,,,,,,,,,,,,,,,,,,,,,,,,,,,,
AO,2022-09-13,105,104,177,109,104,7,0,2,1,0,0,0,0,2,1,0,0,0,2,3,0,0,0,3,5,29.63,60.782,,4.5,51.6,327.044,220.291,118.5,16.5,,0.4075,0.2146,114.459641,39.054794,0,0,,1459,103131,1917,,1618566,27.305556,24.5,29.0,0.0,,9.611111,33.077265,195267,-12.35,17.35,,1246700,1248198,1427,,,,,,,,,,,,,,,,,,,,,,,,,,,,,,,,,,,,,,,,,,,,,,,,,,,,,,,,,,,,,,,,,,,,,,,,,,,,,,,,,,,,,,,,,,,,,,,,,,,,,,,,,,,,,,,,,,,,,,,,,,,,,,,,,,,,,,,,,,,,,,,,,,,,,,,,,,,,,,,,25042,14220830,18341,7814121,70569,22297104,,,,,,,,,,,,,,,,,,,,,,,,,ChIJJ4utyk7yURoRPU5KDZ0oClk,Q916,country/AGO,AO,Angola,,,,,,,AO,AGO,0,94635415869,2973,0.361,32866267,16260870,16605398,10764270,21061025,8044735,8044735,26.363,0.581,10899168,7881779,5306037,3699729,2412735,1464602,785897,331729,84592,,,,,,,,,,,,,,,,,,,,,,,,,,,,,,,,,,,,,,,,,,,,,,,,,,,,,,,,,,,,,,,,,,,,,,,,,,,,,,,,,,,,,,,,,,,,,,,,,,,,,,,,,,,,,,,,,,,,,,,,,,,,,,,,,,,,,,,,,,,,,,,,,,,,,,,,,,,,,,,,,,,,,,,,,,,,,,,,,,,,,,,,,,,,,,,,,,,,,,,,,,,,,,,,,,,,,,,,,,,,,,,,,,,,,,,,,,,,,,,,,,,,,,,,,,,,,,,,,,,,,,,,,,,,,,,,,,,,,,,,,,,,,,,,,,,,,,,,,,,,,,,,,,,,,,,,,,,,,,,,,,,,,,,,,,,,,,,,,,,,,,,,,,,,,,,,,,,,,,,,,,,,,,,,,,,,,,,,,,,,,,,,,,,,,,,,,,,,,,,,,,,,,,,,,,,,,,,,,,,,,,,,,,,,,,,,,,,,,,,,,,,,,,,,,,
AR,2022-09-13,7,32,-12,11,18,5,0,1,2,4,0,0,0,1,1,1,0,0,2,2,2,0,0,2,5,39.81,76.52,21.8,5.9,8.8,147.086,79.483,26.6,15.8,,2.5996,3.9901,1324.603516,198.935944,0,0,,4711,9697763,129830,,28250765,14.5,3.555556,25.030864,0.0,25.4,-2.098765,32.774696,286393,-34.0,-64.0,,2780400,2690269,55032,22,82,185,378,363,264,209,119,47,16,224240,681077,1957321,2156295,1777539,1170476,708717,369132,153869,46332,0,0,0,0,0,0,0,1,0,0,192,208,902,2641,7031,15090,27056,34116,28865,12850,,,,,,,,,,,,,,,,,,,,,207,300,657,938,874,678,571,302,149,35,1303481,2501852,5542581,6216745,5158752,3483164,2203428,1176342,500670,156537,0,0,1,0,0,0,2,1,4,0,41095,18514,31942,43804,50617,60118,72436,76296,60546,25642,0,0,0,0,0,1,0,0,0,0,3271,1505,2685,4342,7735,12816,18131,17975,11371,3705,,,,,,,,,,,,,,,,,,,,,0-9,10-19,20-29,30-39,40-49,50-59,60-69,70-79,80-89,90-,8,481379,,1,83630,,,,,1,41278941,0,37769105,2,109204825,,,,,,,,,,,,,,,,,,,,,,,,,ChIJZ8b99fXKvJURqA_wKpl3Lz0,Q414,country/ARG,AR,Argentina,,,,,,,AR,ARG,0,449663446954,10006,0.611,44938712,19523766,20593330,3599141,41339571,15057273,19280518,16.515,0.825,6718871,7045513,6430658,5777148,4507125,3911943,2914251,1817557,994030,708,976,4418875,4780155,1,0,72801,53930,,,,,1987,2721,13178651,14928482,5,3,248464,222232,0,1,48424,33211,,,,,,,,,,,,,,,,,,,,,,,,,,,,,,,,,,,,,,,,,,,,,,,,,,,,,,,,,,,,,,,,,,,,,,,,,,,,,,,,,,,,,,,,,,,,,,,,,,,,,,,,,,,,,,,,,,,,,,,,,,,,,,,,,,,,,,,,,,,,,,,,,,,,,,,,,,,,,,,,,,,,,,,,,,,,,,,,,,,,,,,,,,,,,,,,,,,,,,,,,,,,,,,,,,,,,,,,,,,,,,,,,,,,,,,,,,,,,,,,,,,,,,,,,,,,,,,,,,,,,,,,,,,,,,,,,,,,,,,,,,,,,,,,,,,,,,,,,,,,,,,,,,,,,,,,,,,,,,,,,,,,,,,,,,,,,,,,,,,,,,,,,,,,,,,,,,,,,,,,,,,,,,,,,,,,,,,,,,,,,,,,,,,,,,,,,,,,,,,,,,,,,,,,,,,,,,,,,,,,,,,,,,
AR_A,2022-09-13,23,42,-3,86,27,6,,,,,,,,,,,,,,,,,,,,,,,,,,,,,,,,,,5,0,,38,157038,3442,,433092,14.935185,4.527778,25.638889,0.0,10.16,-1.037037,33.516253,2405230,-24.783333,-65.416667,1246,155488,,,0,1,2,3,0,0,0,0,0,0,2005,8657,31216,40047,32736,20547,12173,6154,2740,601,0,0,0,0,0,0,0,0,0,0,19,12,47,81,225,437,795,867,725,231,,,,,,,,,,,,,,,,,,,,,20,5,13,13,4,1,4,1,2,2,14592,32856,88195,103317,84558,53529,31490,15565,6840,1546,0,0,0,0,0,0,0,0,0,0,1101,561,1217,1466,1857,2107,2355,2012,1382,401,0,0,0,0,0,0,0,0,0,0,43,47,130,197,334,549,764,630,445,108,,,,,,,,,,,,,,,,,,,,,0-9,10-19,20-29,30-39,40-49,50-59,60-69,70-79,80-89,90-,0,14503,,0,3248,,,,,24,534379,67,458001,91,992380,,,,,,,,,,,,,,,,,,,,,,,,,ChIJx9DqOCkNG5QRmHnD9tEbSos,Q44803,,AR,Argentina,A,Salta,,,,,AR,ARG,1,,,,1406584,597153,617288,,,,,,,246065,261488,195173,167022,123269,98706,66931,38550,16292,4,1,74263,81798,0,0,2049,1357,,,,,34,4,205672,224137,0,0,7701,6602,0,0,1871,1340,,,,,,,,,,,,,,,,,,,,,,,,,,,,,,,,,,,,,,,,,,,,,,,,,,,,,,,,,,,,,,,,,,,,,,,,,,,,,,,,,,,,,,,,,,,,,,,,,,,,,,,,,,,,,,,,,,,,,,,,,,,,,,,,,,,,,,,,,,,,,,,,,,,,,,,,,,,,,,,,,,,,,,,,,,,,,,,,,,,,,,,,,,,,,,,,,,,,,,,,,,,,,,,,,,,,,,,,,,,,,,,,,,,,,,,,,,,,,,,,,,,,,,,,,,,,,,,,,,,,,,,,,,,,,,,,,,,,,,,,,,,,,,,,,,,,,,,,,,,,,,,,,,,,,,,,,,,,,,,,,,,,,,,,,,,,,,,,,,,,,,,,,,,,,,,,,,,,,,,,,,,,,,,,,,,,,,,,,,,,,,,,,,,,,,,,,,,,,,,,,,,,,,,,,,,,,,,,,,,,,,,,,,
AR_A_007,2022-09-13,59,,-23,,21,6,,,,,,,,,,,,,,,,,,,,,,,,,,,,,,,,,,0,0,,1,6680,135,,15848,16.333333,6.126984,25.642857,0.0,10.16,0.595238,34.497482,,-24.113611,-64.124722,376,21945,,,0,0,0,1,0,0,0,0,0,0,61,459,1478,1635,1271,831,523,263,129,26,0,0,0,0,0,0,0,0,0,0,1,0,3,4,12,21,30,25,30,8,,,,,,,,,,,,,,,,,,,,,1,1,1,1,1,1,1,1,1,1,445,1245,3501,3836,2897,1867,1101,606,288,55,0,0,0,0,0,0,0,0,0,0,13,17,36,41,47,61,67,45,45,7,0,0,0,0,0,0,0,0,0,0,3,1,12,12,18,26,30,17,24,3,,,,,,,,,,,,,,,,,,,,,0-9,10-19,20-29,30-39,40-49,50-59,60-69,70-79,80-89,90-,0,380,,0,146,,,,,0,24673,3,19877,3,44550,,,,,,,,,,,,,,,,,,,,,,,,,ChIJifnEzNY3F5QR9dlE1P3fI-Q,Q1190229,,AR,Argentina,A,Salta,007,Anta,,,AR,ARG,2,,,,57411,29400,28011,,,,,,,12724,13340,9289,7579,5440,4234,2628,1561,176,0,0,3205,3450,0,0,78,56,,,,,1,2,7495,8288,0,0,213,164,0,0,83,61,,,,,,,,,,,,,,,,,,,,,,,,,,,,,,,,,,,,,,,,,,,,,,,,,,,,,,,,,,,,,,,,,,,,,,,,,,,,,,,,,,,,,,,,,,,,,,,,,,,,,,,,,,,,,,,,,,,,,,,,,,,,,,,,,,,,,,,,,,,,,,,,,,,,,,,,,,,,,,,,,,,,,,,,,,,,,,,,,,,,,,,,,,,,,,,,,,,,,,,,,,,,,,,,,,,,,,,,,,,,,,,,,,,,,,,,,,,,,,,,,,,,,,,,,,,,,,,,,,,,,,,,,,,,,,,,,,,,,,,,,,,,,,,,,,,,,,,,,,,,,,,,,,,,,,,,,,,,,,,,,,,,,,,,,,,,,,,,,,,,,,,,,,,,,,,,,,,,,,,,,,,,,,,,,,,,,,,,,,,,,,,,,,,,,,,,,,,,,,,,,,,,,,,,,,,,,,,,,,,,,,,,,,
AR_A_014,2022-09-13,,,-23,,,,,,,,,,,,,,,,,,,,,,,,,,,,,,,,,,,,,0,0,,1,1418,23,,3168,15.833333,5.444444,26.611111,0.0,10.16,-0.388889,33.123787,,-25.119722,-66.161944,2457,2925,,,0,0,0,0,0,0,0,0,0,0,68,121,297,287,253,180,113,56,31,11,0,0,0,0,0,0,0,0,0,0,0,0,0,1,1,3,3,7,5,3,,,,,,,,,,,,,,,,,,,,,2,1,1,1,1,1,1,1,0,1,161,315,692,626,552,404,210,119,57,27,0,0,0,0,0,0,0,0,1,0,7,5,10,19,13,14,12,11,8,3,0,0,0,0,0,0,0,0,1,0,0,0,0,2,1,3,2,3,4,0,,,,,,,,,,,,,,,,,,,,,0-9,10-19,20-29,30-39,40-49,50-59,60-69,70-79,80-89,90-,0,102,,0,15,,,,,0,3012,0,2595,0,5607,,,,,,,,,,,,,,,,,,,,,,,,,ChIJNZpTP2IYHJQR7FPRyxBV2oM,Q1190296,,AR,Argentina,A,Salta,014,Cachi,,,AR,ARG,2,,,,7315,3719,3596,,,,,,,1561,1840,906,929,676,562,434,264,242,0,0,687,719,0,0,11,12,,,,,0,1,1502,1638,1,0,46,55,1,0,5,10,,,,,,,,,,,,,,,,,,,,,,,,,,,,,,,,,,,,,,,,,,,,,,,,,,,,,,,,,,,,,,,,,,,,,,,,,,,,,,,,,,,,,,,,,,,,,,,,,,,,,,,,,,,,,,,,,,,,,,,,,,,,,,,,,,,,,,,,,,,,,,,,,,,,,,,,,,,,,,,,,,,,,,,,,,,,,,,,,,,,,,,,,,,,,,,,,,,,,,,,,,,,,,,,,,,,,,,,,,,,,,,,,,,,,,,,,,,,,,,,,,,,,,,,,,,,,,,,,,,,,,,,,,,,,,,,,,,,,,,,,,,,,,,,,,,,,,,,,,,,,,,,,,,,,,,,,,,,,,,,,,,,,,,,,,,,,,,,,,,,,,,,,,,,,,,,,,,,,,,,,,,,,,,,,,,,,,,,,,,,,,,,,,,,,,,,,,,,,,,,,,,,,,,,,,,,,,,,,,,,,,,,,,
AR_A_021,2022-09-13,-52,,-12,0,4,,,,,,,,,,,,,,,,,,,,,,,,,,,,,,,,,,,0,0,,2,2902,71,,7027,16.588889,6.511111,26.488889,0.0,10.16,-0.966667,30.597089,,-26.069444,-65.976111,1857,1570,,,0,0,0,0,0,0,0,0,0,0,90,188,491,734,617,350,218,104,90,20,0,0,0,0,0,0,0,0,0,0,0,0,3,1,3,8,12,11,22,11,,,,,,,,,,,,,,,,,,,,,1,1,1,1,1,1,1,1,1,1,505,587,1238,1646,1275,788,511,247,193,36,0,0,0,0,0,0,0,0,0,0,6,3,12,17,20,26,29,17,13,3,0,0,0,0,0,0,0,0,0,0,0,1,5,1,7,9,11,8,4,1,,,,,,,,,,,,,,,,,,,,,0-9,10-19,20-29,30-39,40-49,50-59,60-69,70-79,80-89,90-,0,146,,0,47,,,,,0,6595,0,5973,0,12568,,,,,,,,,,,,,,,,,,,,,,,,,ChIJPW9EEOw0H5QRPzacI1LcdZM,Q1190297,,AR,Argentina,A,Salta,021,Cafayate,,,AR,ARG,2,,,,14850,7388,7462,,,,,,,2992,3067,2411,2142,1516,1208,818,479,7960,0,0,1417,1466,0,0,37,33,,,,,2,2,3380,3569,0,0,82,63,0,0,24,23,,,,,,,,,,,,,,,,,,,,,,,,,,,,,,,,,,,,,,,,,,,,,,,,,,,,,,,,,,,,,,,,,,,,,,,,,,,,,,,,,,,,,,,,,,,,,,,,,,,,,,,,,,,,,,,,,,,,,,,,,,,,,,,,,,,,,,,,,,,,,,,,,,,,,,,,,,,,,,,,,,,,,,,,,,,,,,,,,,,,,,,,,,,,,,,,,,,,,,,,,,,,,,,,,,,,,,,,,,,,,,,,,,,,,,,,,,,,,,,,,,,,,,,,,,,,,,,,,,,,,,,,,,,,,,,,,,,,,,,,,,,,,,,,,,,,,,,,,,,,,,,,,,,,,,,,,,,,,,,,,,,,,,,,,,,,,,,,,,,,,,,,,,,,,,,,,,,,,,,,,,,,,,,,,,,,,,,,,,,,,,,,,,,,,,,,,,,,,,,,,,,,,,,,,,,,,,,,,,,,,,,,,,
AR_A_028,2022-09-13,32,32,22,140,23,4,,,,,,,,,,,,,,,,,,,,,,,,,,,,,,,,,,5,0,,16,81937,1551,,221717,14.935185,4.527778,25.638889,0.0,10.16,-1.037037,33.516253,,-24.789167,-65.410556,1426,1722,,,0,1,2,3,0,1,0,1,0,0,780,3951,16187,21815,17651,10746,6145,3069,1238,281,0,0,0,0,0,0,0,0,0,0,5,6,15,31,101,172,364,405,335,116,,,,,,,,,,,,,,,,,,,,,17,3,6,7,1,4,2,3,1,2,6311,15893,44448,55395,45042,27857,15743,7229,2938,704,0,0,0,0,0,0,0,0,0,0,240,197,581,720,950,1028,1142,864,610,195,0,0,0,0,0,0,0,0,0,0,14,22,65,100,189,272,409,318,227,72,,,,,,,,,,,,,,,,,,,,,0-9,10-19,20-29,30-39,40-49,50-59,60-69,70-79,80-89,90-,0,6528,,0,1688,,,,,13,244113,41,214658,54,458771,,,,,,,,,,,,,,,,,,,,,,,,,ChIJoX0e-DTYG5QRNrGQNbyjIuE,Q1190331,,AR,Argentina,A,Salta,028,Capital,,,AR,ARG,2,,,,536113,256830,279283,,,,,,,97095,105860,90348,77614,57700,46881,32751,18828,425,4,1,37832,43524,0,0,945,588,,,,,14,2,101598,118309,0,0,3454,3007,0,0,962,705,,,,,,,,,,,,,,,,,,,,,,,,,,,,,,,,,,,,,,,,,,,,,,,,,,,,,,,,,,,,,,,,,,,,,,,,,,,,,,,,,,,,,,,,,,,,,,,,,,,,,,,,,,,,,,,,,,,,,,,,,,,,,,,,,,,,,,,,,,,,,,,,,,,,,,,,,,,,,,,,,,,,,,,,,,,,,,,,,,,,,,,,,,,,,,,,,,,,,,,,,,,,,,,,,,,,,,,,,,,,,,,,,,,,,,,,,,,,,,,,,,,,,,,,,,,,,,,,,,,,,,,,,,,,,,,,,,,,,,,,,,,,,,,,,,,,,,,,,,,,,,,,,,,,,,,,,,,,,,,,,,,,,,,,,,,,,,,,,,,,,,,,,,,,,,,,,,,,,,,,,,,,,,,,,,,,,,,,,,,,,,,,,,,,,,,,,,,,,,,,,,,,,,,,,,,,,,,,,,,,,,,,,,
AR_A_035,2022-09-13,63,52,-26,74,21,6,,,,,,,,,,,,,,,,,,,,,,,,,,,,,,,,,,0,0,,1,5484,101,,13669,15.833333,5.444444,26.611111,0.0,10.16,-0.388889,33.123787,,-24.895833,-65.487222,1147,640,,,0,1,0,0,1,0,0,0,0,0,71,299,1005,1510,1316,689,362,160,57,13,0,0,0,0,0,0,0,0,0,0,0,0,2,2,10,11,30,26,14,6,,,,,,,,,,,,,,,,,,,,,8,1,1,1,1,1,1,2,1,1,442,944,2551,3511,3104,1658,841,398,180,33,0,0,0,0,0,0,0,0,0,0,18,14,26,43,67,68,73,55,29,7,0,0,0,0,0,0,0,0,0,0,0,1,3,7,13,15,29,31,10,1,,,,,,,,,,,,,,,,,,,,,0-9,10-19,20-29,30-39,40-49,50-59,60-69,70-79,80-89,90-,0,400,,0,110,,,,,2,20080,7,18011,9,38091,,,,,,,,,,,,,,,,,,,,,,,,,ChIJVS6sG03fG5QRvILK68B-lSM,Q665915,,AR,Argentina,A,Salta,035,Cerrillos,,,AR,ARG,2,,,,35789,17991,17798,,,,,,,8007,8009,6077,5048,3252,2487,1642,924,312,0,0,2694,2765,0,0,65,36,,,,,1,1,6762,6839,0,0,230,168,0,0,69,41,,,,,,,,,,,,,,,,,,,,,,,,,,,,,,,,,,,,,,,,,,,,,,,,,,,,,,,,,,,,,,,,,,,,,,,,,,,,,,,,,,,,,,,,,,,,,,,,,,,,,,,,,,,,,,,,,,,,,,,,,,,,,,,,,,,,,,,,,,,,,,,,,,,,,,,,,,,,,,,,,,,,,,,,,,,,,,,,,,,,,,,,,,,,,,,,,,,,,,,,,,,,,,,,,,,,,,,,,,,,,,,,,,,,,,,,,,,,,,,,,,,,,,,,,,,,,,,,,,,,,,,,,,,,,,,,,,,,,,,,,,,,,,,,,,,,,,,,,,,,,,,,,,,,,,,,,,,,,,,,,,,,,,,,,,,,,,,,,,,,,,,,,,,,,,,,,,,,,,,,,,,,,,,,,,,,,,,,,,,,,,,,,,,,,,,,,,,,,,,,,,,,,,,,,,,,,,,,,,,,,,,,,,
AR_A_042,2022-09-13,-1,,1,,34,,,,,,,,,,,,,,,,,,,,,,,,,,,,,,,,,,,0,0,,2,2987,70,,7290,15.833333,5.444444,26.611111,0.0,10.16,-0.388889,33.123787,,-25.1025,-65.535278,1597,910,,,0,0,0,0,0,0,0,0,0,0,20,163,560,739,602,386,260,148,83,25,0,0,0,0,0,0,0,0,0,0,0,0,1,2,5,8,11,15,16,12,,,,,,,,,,,,,,,,,,,,,3,1,1,1,1,1,1,1,1,1,189,667,1532,1602,1318,833,571,328,203,47,0,0,0,0,0,0,0,0,0,0,4,7,14,39,41,35,53,58,41,18,0,0,0,0,0,0,0,0,0,0,2,1,2,2,3,6,9,7,8,2,,,,,,,,,,,,,,,,,,,,,0-9,10-19,20-29,30-39,40-49,50-59,60-69,70-79,80-89,90-,0,311,,0,42,,,,,0,9328,1,8431,1,17759,,,,,,,,,,,,,,,,,,,,,,,,,ChIJ6eEin4tbGZQRkO1fKzqggn0,Q547590,,AR,Argentina,A,Salta,042,Chicoana,,,AR,ARG,2,,,,20710,10366,10344,,,,,,,4203,4623,3276,2798,1916,1564,1232,754,570,0,0,1383,1590,0,0,43,27,,,,,2,1,3364,3887,0,0,174,133,0,0,20,22,,,,,,,,,,,,,,,,,,,,,,,,,,,,,,,,,,,,,,,,,,,,,,,,,,,,,,,,,,,,,,,,,,,,,,,,,,,,,,,,,,,,,,,,,,,,,,,,,,,,,,,,,,,,,,,,,,,,,,,,,,,,,,,,,,,,,,,,,,,,,,,,,,,,,,,,,,,,,,,,,,,,,,,,,,,,,,,,,,,,,,,,,,,,,,,,,,,,,,,,,,,,,,,,,,,,,,,,,,,,,,,,,,,,,,,,,,,,,,,,,,,,,,,,,,,,,,,,,,,,,,,,,,,,,,,,,,,,,,,,,,,,,,,,,,,,,,,,,,,,,,,,,,,,,,,,,,,,,,,,,,,,,,,,,,,,,,,,,,,,,,,,,,,,,,,,,,,,,,,,,,,,,,,,,,,,,,,,,,,,,,,,,,,,,,,,,,,,,,,,,,,,,,,,,,,,,,,,,,,,,,,,,,
AR_A_049,2022-09-13,30,49,6,,6,7,,,,,,,,,,,,,,,,,,,,,,,,,,,,,,,,,,0,0,,2,5054,182,,15034,16.263889,5.861111,25.777778,0.0,10.16,0.527778,34.47115,,-24.170833,-65.046944,811,2365,,,0,0,0,0,0,0,0,0,0,0,46,259,869,1282,1107,690,419,225,128,22,0,0,0,0,0,0,0,0,0,0,1,0,1,5,8,24,34,49,50,9,,,,,,,,,,,,,,,,,,,,,2,1,1,1,1,1,2,1,1,0,403,841,3053,3662,3063,1842,1059,642,365,84,0,0,0,0,0,0,0,0,0,1,161,46,67,79,101,136,143,180,159,47,0,0,0,0,0,0,0,0,0,0,1,2,5,9,8,26,35,41,28,7,,,,,,,,,,,,,,,,,,,,,0-9,10-19,20-29,30-39,40-49,50-59,60-69,70-79,80-89,90-,0,1122,,0,162,,,,,1,20438,1,17863,2,38301,,,,,,,,,,,,,,,,,,,,,,,,,ChIJ8WcAP28uGpQRzfoaQLTOhvI,Q1190531,,AR,Argentina,A,Salta,049,General Güemes,,,AR,ARG,2,,,,47226,23521,23705,,,,,,,9011,10527,7539,6488,4761,3884,2713,1676,1351,0,0,2658,2357,0,0,102,76,,,,,2,1,8142,6725,0,0,616,477,0,0,99,60,,,,,,,,,,,,,,,,,,,,,,,,,,,,,,,,,,,,,,,,,,,,,,,,,,,,,,,,,,,,,,,,,,,,,,,,,,,,,,,,,,,,,,,,,,,,,,,,,,,,,,,,,,,,,,,,,,,,,,,,,,,,,,,,,,,,,,,,,,,,,,,,,,,,,,,,,,,,,,,,,,,,,,,,,,,,,,,,,,,,,,,,,,,,,,,,,,,,,,,,,,,,,,,,,,,,,,,,,,,,,,,,,,,,,,,,,,,,,,,,,,,,,,,,,,,,,,,,,,,,,,,,,,,,,,,,,,,,,,,,,,,,,,,,,,,,,,,,,,,,,,,,,,,,,,,,,,,,,,,,,,,,,,,,,,,,,,,,,,,,,,,,,,,,,,,,,,,,,,,,,,,,,,,,,,,,,,,,,,,,,,,,,,,,,,,,,,,,,,,,,,,,,,,,,,,,,,,,,,,,,,,,,,
